[
{
  "model": "providers.politicalregion",
  "pk": 1,
  "fields": {
    "initialism": "OR",
    "name": "Oregon",
    "country": "USA",
    "regionType": "State"
  }
},
{
  "model": "providers.politicalsubregion",
  "pk": 1,
  "fields": {
    "name": "Baker",
    "region": 1
  }
},
{
  "model": "providers.politicalsubregion",
  "pk": 2,
  "fields": {
    "name": "Benton",
    "region": 1
  }
},
{
  "model": "providers.politicalsubregion",
  "pk": 3,
  "fields": {
    "name": "Clackamas",
    "region": 1
  }
},
{
  "model": "providers.politicalsubregion",
  "pk": 4,
  "fields": {
    "name": "Clatsop",
    "region": 1
  }
},
{
  "model": "providers.politicalsubregion",
  "pk": 5,
  "fields": {
    "name": "Columbia",
    "region": 1
  }
},
{
  "model": "providers.politicalsubregion",
  "pk": 6,
  "fields": {
    "name": "Coos",
    "region": 1
  }
},
{
  "model": "providers.politicalsubregion",
  "pk": 7,
  "fields": {
    "name": "Crook",
    "region": 1
  }
},
{
  "model": "providers.politicalsubregion",
  "pk": 8,
  "fields": {
    "name": "Curry",
    "region": 1
  }
},
{
  "model": "providers.politicalsubregion",
  "pk": 9,
  "fields": {
    "name": "Deschutes",
    "region": 1
  }
},
{
  "model": "providers.politicalsubregion",
  "pk": 10,
  "fields": {
    "name": "Douglas",
    "region": 1
  }
},
{
  "model": "providers.politicalsubregion",
  "pk": 11,
  "fields": {
    "name": "Gilliam",
    "region": 1
  }
},
{
  "model": "providers.politicalsubregion",
  "pk": 12,
  "fields": {
    "name": "Grand",
    "region": 1
  }
},
{
  "model": "providers.politicalsubregion",
  "pk": 13,
  "fields": {
    "name": "Harney",
    "region": 1
  }
},
{
  "model": "providers.politicalsubregion",
  "pk": 14,
  "fields": {
    "name": "Hood River",
    "region": 1
  }
},
{
  "model": "providers.politicalsubregion",
  "pk": 15,
  "fields": {
    "name": "Jackson",
    "region": 1
  }
},
{
  "model": "providers.politicalsubregion",
  "pk": 16,
  "fields": {
    "name": "Jefferson",
    "region": 1
  }
},
{
  "model": "providers.politicalsubregion",
  "pk": 17,
  "fields": {
    "name": "Josephine",
    "region": 1
  }
},
{
  "model": "providers.politicalsubregion",
  "pk": 18,
  "fields": {
    "name": "Klamath",
    "region": 1
  }
},
{
  "model": "providers.politicalsubregion",
  "pk": 19,
  "fields": {
    "name": "Lake",
    "region": 1
  }
},
{
  "model": "providers.politicalsubregion",
  "pk": 20,
  "fields": {
    "name": "Lane",
    "region": 1
  }
},
{
  "model": "providers.politicalsubregion",
  "pk": 21,
  "fields": {
    "name": "Lincoln",
    "region": 1
  }
},
{
  "model": "providers.politicalsubregion",
  "pk": 22,
  "fields": {
    "name": "Linn",
    "region": 1
  }
},
{
  "model": "providers.politicalsubregion",
  "pk": 23,
  "fields": {
    "name": "Malheur",
    "region": 1
  }
},
{
  "model": "providers.politicalsubregion",
  "pk": 24,
  "fields": {
    "name": "Marion",
    "region": 1
  }
},
{
  "model": "providers.politicalsubregion",
  "pk": 25,
  "fields": {
    "name": "Morrow",
    "region": 1
  }
},
{
  "model": "providers.politicalsubregion",
  "pk": 26,
  "fields": {
    "name": "Multnomah",
    "region": 1
  }
},
{
  "model": "providers.politicalsubregion",
  "pk": 27,
  "fields": {
    "name": "Polk",
    "region": 1
  }
},
{
  "model": "providers.politicalsubregion",
  "pk": 28,
  "fields": {
    "name": "Sherman",
    "region": 1
  }
},
{
  "model": "providers.politicalsubregion",
  "pk": 29,
  "fields": {
    "name": "Tillamook",
    "region": 1
  }
},
{
  "model": "providers.politicalsubregion",
  "pk": 30,
  "fields": {
    "name": "Umatilla",
    "region": 1
  }
},
{
  "model": "providers.politicalsubregion",
  "pk": 31,
  "fields": {
    "name": "Union",
    "region": 1
  }
},
{
  "model": "providers.politicalsubregion",
  "pk": 32,
  "fields": {
    "name": "Wallowa",
    "region": 1
  }
},
{
  "model": "providers.politicalsubregion",
  "pk": 33,
  "fields": {
    "name": "Wasco",
    "region": 1
  }
},
{
  "model": "providers.politicalsubregion",
  "pk": 34,
  "fields": {
    "name": "Washington",
    "region": 1
  }
},
{
  "model": "providers.politicalsubregion",
  "pk": 35,
  "fields": {
    "name": "Wheeler",
    "region": 1
  }
},
{
  "model": "providers.politicalsubregion",
  "pk": 36,
  "fields": {
    "name": "Yamhill",
    "region": 1
  }
},
{
  "model": "providers.capacitymeasurement",
  "pk": 1,
  "fields": {
    "measurementType": "Weight",
    "unit": "lbs"
  }
},
{
  "model": "providers.capacitymeasurement",
  "pk": 2,
  "fields": {
    "measurementType": "Area",
    "unit": "acres"
  }
},
{
  "model": "providers.capacitymeasurement",
  "pk": 3,
  "fields": {
    "measurementType": "Volume",
    "unit": "gallons"
  }
},
{
  "model": "providers.deliverymethod",
  "pk": 1,
  "fields": {
    "name": "Provider Delivers"
  }
},
{
  "model": "providers.deliverymethod",
  "pk": 2,
  "fields": {
    "name": "FedEx"
  }
},
{
  "model": "providers.deliverymethod",
  "pk": 3,
  "fields": {
    "name": "Distributor"
  }
},
{
  "model": "providers.deliverymethod",
  "pk": 4,
  "fields": {
    "name": "USPS"
  }
},
{
  "model": "providers.deliverymethod",
  "pk": 5,
  "fields": {
    "name": "UPS"
  }
},
{
  "model": "providers.distributor",
  "pk": 1,
  "fields": {
    "name": "FSA: Food Services of America",
    "phone": null,
    "email": null,
    "websiteAddress": null,
    "fax": null,
    "primaryContactFirstName": null,
    "primaryContactLastName": null,
    "businessAddressLine1": null,
    "businessAddressLine2": null,
    "businessAddressCity": null,
    "businessAddressState": null,
    "businessAddressZipCode": null
  }
},
{
  "model": "providers.distributor",
  "pk": 2,
  "fields": {
    "name": "Sysco",
    "phone": null,
    "email": null,
    "websiteAddress": null,
    "fax": null,
    "primaryContactFirstName": null,
    "primaryContactLastName": null,
    "businessAddressLine1": null,
    "businessAddressLine2": null,
    "businessAddressCity": null,
    "businessAddressState": null,
    "businessAddressZipCode": null
  }
},
{
  "model": "providers.productcategory",
  "pk": 1,
  "fields": {
    "name": "Meat",
    "capacityMeasurement": null,
    "parent": null,
    "image": "category_images/meat_82J0wxT.png"
  }
},
{
  "model": "providers.productcategory",
  "pk": 4,
  "fields": {
    "name": "Grain",
    "capacityMeasurement": 2,
    "parent": null,
    "image": ""
  }
},
{
  "model": "providers.productcategory",
  "pk": 5,
  "fields": {
    "name": "Plant Protein",
    "capacityMeasurement": 2,
    "parent": null,
    "image": ""
  }
},
{
  "model": "providers.productcategory",
  "pk": 6,
  "fields": {
    "name": "Dairy",
    "capacityMeasurement": 3,
    "parent": null,
    "image": ""
  }
},
{
  "model": "providers.productcategory",
  "pk": 7,
  "fields": {
    "name": "Milk",
    "capacityMeasurement": 3,
    "parent": 6,
    "image": ""
  }
},
{
  "model": "providers.productcategory",
  "pk": 8,
  "fields": {
    "name": "Beans",
    "capacityMeasurement": 2,
    "parent": 5,
    "image": ""
  }
},
{
  "model": "providers.productcategory",
  "pk": 9,
  "fields": {
    "name": "Nuts",
    "capacityMeasurement": 2,
    "parent": 5,
    "image": ""
  }
},
{
  "model": "providers.productcategory",
  "pk": 10,
  "fields": {
    "name": "Hazelnut",
    "capacityMeasurement": 2,
    "parent": 9,
    "image": ""
  }
},
{
  "model": "providers.productcategory",
  "pk": 11,
  "fields": {
    "name": "Shelled",
    "capacityMeasurement": 2,
    "parent": 10,
    "image": ""
  }
},
{
  "model": "providers.productcategory",
  "pk": 12,
  "fields": {
    "name": "In Shell",
    "capacityMeasurement": 2,
    "parent": 10,
    "image": ""
  }
},
{
  "model": "providers.productcategory",
  "pk": 13,
  "fields": {
    "name": "Butter",
    "capacityMeasurement": 2,
    "parent": 10,
    "image": ""
  }
},
{
  "model": "providers.productcategory",
  "pk": 14,
  "fields": {
    "name": "Raw",
    "capacityMeasurement": 2,
    "parent": 11,
    "image": ""
  }
},
{
  "model": "providers.productcategory",
  "pk": 15,
  "fields": {
    "name": "Raw",
    "capacityMeasurement": 2,
    "parent": 12,
    "image": ""
  }
},
{
  "model": "providers.productcategory",
  "pk": 16,
  "fields": {
    "name": "Roasted",
    "capacityMeasurement": 2,
    "parent": 11,
    "image": ""
  }
},
{
  "model": "providers.productcategory",
  "pk": 17,
  "fields": {
    "name": "Beef",
    "capacityMeasurement": null,
    "parent": 1,
    "image": ""
  }
},
{
  "model": "providers.productcategory",
  "pk": 18,
  "fields": {
    "name": "Ground",
    "capacityMeasurement": 1,
    "parent": 17,
    "image": ""
  }
},
{
  "model": "providers.productcategory",
  "pk": 19,
  "fields": {
    "name": "Chicken",
    "capacityMeasurement": null,
    "parent": 1,
    "image": ""
  }
},
{
  "model": "providers.productcategory",
  "pk": 20,
  "fields": {
    "name": "Breast",
    "capacityMeasurement": 1,
    "parent": 19,
    "image": ""
  }
},
{
  "model": "providers.productcategory",
  "pk": 21,
  "fields": {
    "name": "Thigh",
    "capacityMeasurement": 1,
    "parent": 19,
    "image": ""
  }
},
{
  "model": "providers.productcategory",
  "pk": 22,
  "fields": {
    "name": "Whole",
    "capacityMeasurement": 1,
    "parent": 19,
    "image": ""
  }
},
{
  "model": "providers.productcategory",
  "pk": 23,
  "fields": {
    "name": "Drumstick",
    "capacityMeasurement": 1,
    "parent": 19,
    "image": ""
  }
},
{
  "model": "providers.productcategory",
  "pk": 24,
  "fields": {
    "name": "Fresh",
    "capacityMeasurement": 1,
    "parent": 23,
    "image": ""
  }
},
{
  "model": "providers.productcategory",
  "pk": 25,
  "fields": {
    "name": "Frozen",
    "capacityMeasurement": 1,
    "parent": 23,
    "image": ""
  }
},
{
  "model": "providers.productcategory",
  "pk": 26,
  "fields": {
    "name": "Jerky",
    "capacityMeasurement": 1,
    "parent": 17,
    "image": ""
  }
},
{
  "model": "providers.productcategory",
  "pk": 27,
  "fields": {
    "name": "Cheese",
    "capacityMeasurement": 1,
    "parent": 6,
    "image": ""
  }
},
{
  "model": "providers.productcategory",
  "pk": 28,
  "fields": {
    "name": "Seafood",
    "capacityMeasurement": 1,
    "parent": 1,
    "image": ""
  }
},
{
  "model": "providers.productcategory",
  "pk": 29,
  "fields": {
    "name": "Dover Sole",
    "capacityMeasurement": 1,
    "parent": 28,
    "image": ""
  }
},
{
  "model": "providers.productcategory",
  "pk": 30,
  "fields": {
    "name": "Frozen",
    "capacityMeasurement": 1,
    "parent": 29,
    "image": ""
  }
},
{
  "model": "providers.productcategory",
  "pk": 31,
  "fields": {
    "name": "Black Bean",
    "capacityMeasurement": 2,
    "parent": 8,
    "image": "category_images/grumpycat.png"
  }
},
{
  "model": "providers.productcategory",
  "pk": 33,
  "fields": {
    "name": "Canned",
    "capacityMeasurement": 2,
    "parent": 31,
    "image": ""
  }
},
{
  "model": "providers.productcategory",
  "pk": 34,
  "fields": {
    "name": "Apples",
    "capacityMeasurement": 2,
    "parent": null,
    "image": "category_images/apple.png"
  }
},
{
  "model": "providers.productcategory",
  "pk": 35,
  "fields": {
    "name": "Asparagus",
    "capacityMeasurement": 2,
    "parent": null,
    "image": "category_images/asparagus.png"
  }
},
{
  "model": "providers.productcategory",
  "pk": 36,
  "fields": {
    "name": "Beets",
    "capacityMeasurement": 2,
    "parent": null,
    "image": "category_images/beet.png"
  }
},
{
  "model": "providers.productcategory",
  "pk": 37,
  "fields": {
    "name": "Blackberries",
    "capacityMeasurement": 2,
    "parent": null,
    "image": "category_images/berry.png"
  }
},
{
  "model": "providers.productcategory",
  "pk": 38,
  "fields": {
    "name": "Blueberries",
    "capacityMeasurement": 2,
    "parent": null,
    "image": "category_images/blueberry.png"
  }
},
{
  "model": "providers.productcategory",
  "pk": 39,
  "fields": {
    "name": "Broccoli",
    "capacityMeasurement": 2,
    "parent": null,
    "image": "category_images/broccoli.png"
  }
},
{
  "model": "providers.productcategory",
  "pk": 40,
  "fields": {
    "name": "Brussels Sprouts",
    "capacityMeasurement": 2,
    "parent": null,
    "image": "category_images/brussels_sprouts.png"
  }
},
{
  "model": "providers.productcategory",
  "pk": 41,
  "fields": {
    "name": "Cabbage",
    "capacityMeasurement": 2,
    "parent": null,
    "image": "category_images/cabbage.png"
  }
},
{
  "model": "providers.productcategory",
  "pk": 42,
  "fields": {
    "name": "Carrots",
    "capacityMeasurement": 2,
    "parent": null,
    "image": "category_images/carrot.png"
  }
},
{
  "model": "providers.productcategory",
  "pk": 43,
  "fields": {
    "name": "Cauliflower",
    "capacityMeasurement": 2,
    "parent": null,
    "image": "category_images/cauliflower.png"
  }
},
{
  "model": "providers.productcategory",
  "pk": 44,
  "fields": {
    "name": "Cherries",
    "capacityMeasurement": 2,
    "parent": null,
    "image": "category_images/cherry.png"
  }
},
{
  "model": "providers.productcategory",
  "pk": 45,
  "fields": {
    "name": "Corn",
    "capacityMeasurement": 2,
    "parent": null,
    "image": "category_images/corn.png"
  }
},
{
  "model": "providers.productcategory",
  "pk": 46,
  "fields": {
    "name": "Cranberries",
    "capacityMeasurement": 2,
    "parent": null,
    "image": "category_images/cranberry.png"
  }
},
{
  "model": "providers.productcategory",
  "pk": 47,
  "fields": {
    "name": "Grapes",
    "capacityMeasurement": 2,
    "parent": null,
    "image": "category_images/grape.png"
  }
},
{
  "model": "providers.productcategory",
  "pk": 48,
  "fields": {
    "name": "Green Beans",
    "capacityMeasurement": 2,
    "parent": null,
    "image": "category_images/green_bean.png"
  }
},
{
  "model": "providers.productcategory",
  "pk": 49,
  "fields": {
    "name": "Kale",
    "capacityMeasurement": 2,
    "parent": null,
    "image": "category_images/kale.png"
  }
},
{
  "model": "providers.productcategory",
  "pk": 50,
  "fields": {
    "name": "Fuzzy Kiwi",
    "capacityMeasurement": 2,
    "parent": null,
    "image": "category_images/kiwi.png"
  }
},
{
  "model": "providers.productcategory",
  "pk": 51,
  "fields": {
    "name": "Kiwi Berries",
    "capacityMeasurement": 2,
    "parent": null,
    "image": "category_images/kiwi_berry.png"
  }
},
{
  "model": "providers.productcategory",
  "pk": 52,
  "fields": {
    "name": "Leeks",
    "capacityMeasurement": 2,
    "parent": null,
    "image": "category_images/leek.png"
  }
},
{
  "model": "providers.productcategory",
  "pk": 53,
  "fields": {
    "name": "Mushrooms",
    "capacityMeasurement": 2,
    "parent": null,
    "image": "category_images/mushroom.png"
  }
},
{
  "model": "providers.productcategory",
  "pk": 54,
  "fields": {
    "name": "Marionberries",
    "capacityMeasurement": 2,
    "parent": null,
    "image": "category_images/berry_u8VjE8o.png"
  }
},
{
  "model": "providers.productcategory",
  "pk": 55,
  "fields": {
    "name": "Onions",
    "capacityMeasurement": 2,
    "parent": null,
    "image": "category_images/onion.png"
  }
},
{
  "model": "providers.productcategory",
  "pk": 56,
  "fields": {
    "name": "Parsnips",
    "capacityMeasurement": 2,
    "parent": null,
    "image": "category_images/parsnip.png"
  }
},
{
  "model": "providers.productcategory",
  "pk": 57,
  "fields": {
    "name": "Peaches",
    "capacityMeasurement": 2,
    "parent": null,
    "image": "category_images/peach.png"
  }
},
{
  "model": "providers.productcategory",
  "pk": 58,
  "fields": {
    "name": "Pears",
    "capacityMeasurement": 2,
    "parent": null,
    "image": "category_images/pear.png"
  }
},
{
  "model": "providers.productcategory",
  "pk": 59,
  "fields": {
    "name": "Peas",
    "capacityMeasurement": 2,
    "parent": null,
    "image": "category_images/pea.png"
  }
},
{
  "model": "providers.productcategory",
  "pk": 60,
  "fields": {
    "name": "Peppers",
    "capacityMeasurement": 2,
    "parent": null,
    "image": "category_images/peppers.png"
  }
},
{
  "model": "providers.productcategory",
  "pk": 61,
  "fields": {
    "name": "Potatoes",
    "capacityMeasurement": 2,
    "parent": null,
    "image": "category_images/potato.png"
  }
},
{
  "model": "providers.productcategory",
  "pk": 62,
  "fields": {
    "name": "Radishes",
    "capacityMeasurement": 2,
    "parent": null,
    "image": "category_images/radish.png"
  }
},
{
  "model": "providers.productcategory",
  "pk": 63,
  "fields": {
    "name": "Raspberries",
    "capacityMeasurement": 2,
    "parent": null,
    "image": "category_images/berry_EKOggBg.png"
  }
},
{
  "model": "providers.productcategory",
  "pk": 64,
  "fields": {
    "name": "Rhubarb",
    "capacityMeasurement": 2,
    "parent": null,
    "image": "category_images/rhubarb.png"
  }
},
{
  "model": "providers.productcategory",
  "pk": 65,
  "fields": {
    "name": "Salad Mix",
    "capacityMeasurement": 2,
    "parent": null,
    "image": "category_images/leafy_green.png"
  }
},
{
  "model": "providers.productcategory",
  "pk": 66,
  "fields": {
    "name": "Spinach",
    "capacityMeasurement": 2,
    "parent": null,
    "image": "category_images/spinach.png"
  }
},
{
  "model": "providers.productcategory",
  "pk": 67,
  "fields": {
    "name": "Strawberries",
    "capacityMeasurement": 2,
    "parent": null,
    "image": "category_images/strawberry.png"
  }
},
{
  "model": "providers.productcategory",
  "pk": 68,
  "fields": {
    "name": "Summer Squash",
    "capacityMeasurement": 2,
    "parent": null,
    "image": "category_images/summer_squash.png"
  }
},
{
  "model": "providers.productcategory",
  "pk": 69,
  "fields": {
    "name": "Tomatoes",
    "capacityMeasurement": 2,
    "parent": null,
    "image": "category_images/tomato.png"
  }
},
{
  "model": "providers.productcategory",
  "pk": 70,
  "fields": {
    "name": "Turnips",
    "capacityMeasurement": 2,
    "parent": null,
    "image": "category_images/rutabaga.png"
  }
},
{
  "model": "providers.productcategory",
  "pk": 71,
  "fields": {
    "name": "Watermelon",
    "capacityMeasurement": 2,
    "parent": null,
    "image": "category_images/watermelon.png"
  }
},
{
  "model": "providers.productcategory",
  "pk": 72,
  "fields": {
    "name": "Winter Squash",
    "capacityMeasurement": 2,
    "parent": null,
    "image": "category_images/winter_squash.png"
  }
},
{
  "model": "providers.identity",
  "pk": 1,
  "fields": {
    "name": "Minority Owned",
    "description": ""
  }
},
{
  "model": "providers.identity",
  "pk": 2,
  "fields": {
    "name": "Women-Owned",
    "description": ""
  }
},
{
  "model": "providers.identity",
  "pk": 3,
  "fields": {
    "name": "Veteran-Owned",
    "description": ""
  }
},
{
  "model": "providers.identity",
  "pk": 4,
  "fields": {
    "name": "LGBTQ-Owned",
    "description": ""
  }
},
{
  "model": "providers.productionpractice",
  "pk": 1,
  "fields": {
    "name": "GAP",
    "description": "",
    "definitionLink": null
  }
},
{
  "model": "providers.productionpractice",
  "pk": 2,
  "fields": {
    "name": "Organic",
    "description": "",
    "definitionLink": null
  }
},
{
  "model": "providers.productionpractice",
  "pk": 3,
  "fields": {
    "name": "Salmon Safe",
    "description": "",
    "definitionLink": null
  }
},
{
  "model": "providers.productionpractice",
  "pk": 4,
  "fields": {
    "name": "No Spray",
    "description": "",
    "definitionLink": null
  }
},
{
  "model": "providers.provider",
  "pk": 1,
  "fields": {
    "name": "Bruce Ranch",
    "outreachConductor": "Ryan",
    "dateInfoAdded": "2019-01-30T23:27:02.859Z",
    "dateInfoUpdated": "2019-01-30T23:27:02.859Z",
    "soldToSchoolsBefore": "Unknown",
    "description": "",
    "primaryContactFirstName": "Bruce",
    "primaryContactLastName": "Bruce",
    "businessAddressLine1": "123 Bruce Lane",
    "businessAddressLine2": "Apt B",
    "businessAddressCity": "Bruceville",
    "businessAddressState": 1,
    "businessAddressZipCode": "97200",
    "physicalAddressIsSame": true,
    "physicalAddressLine1": null,
    "physicalAddressLine2": null,
    "physicalAddressCity": null,
    "physicalAddressState": null,
    "physicalAddressZipCode": null,
    "officePhone": "+15415415410",
    "cellPhone": null,
    "email": null,
    "websiteAddress": null,
    "notes": "",
    "productLiabilityInsurance": "Unknown",
    "productLiabilityInsuranceAmount_currency": "USD",
    "productLiabilityInsuranceAmount": null,
    "orderMinimum_currency": "USD",
    "orderMinimum": null,
    "deliveryMinimum_currency": "USD",
    "deliveryMinimum": null,
    "identities": [
      4,
      1,
      3
    ],
    "deliveryMethods": [
      2
    ],
    "regionalAvailability": [
      1,
      2,
      3,
      4,
      5,
      6,
      7,
      8,
      9,
      10
    ],
    "distributors": [],
    "productionPractices": [
      4
    ]
  }
},
{
  "model": "providers.provider",
  "pk": 2,
  "fields": {
    "name": "Beyonce's Farm",
    "outreachConductor": "Angela",
    "dateInfoAdded": "2019-01-31T20:22:56.740Z",
    "dateInfoUpdated": "2019-01-31T20:22:56.740Z",
    "soldToSchoolsBefore": "Unknown",
    "description": "",
    "primaryContactFirstName": "Beyonce",
    "primaryContactLastName": null,
    "businessAddressLine1": "123",
    "businessAddressLine2": "apt B",
    "businessAddressCity": "Ny",
    "businessAddressState": 1,
    "businessAddressZipCode": "97000",
    "physicalAddressIsSame": true,
    "physicalAddressLine1": null,
    "physicalAddressLine2": null,
    "physicalAddressCity": null,
    "physicalAddressState": null,
    "physicalAddressZipCode": null,
    "officePhone": "+14035035030",
    "cellPhone": null,
    "email": null,
    "websiteAddress": null,
    "notes": "",
    "productLiabilityInsurance": "Unknown",
    "productLiabilityInsuranceAmount_currency": "USD",
    "productLiabilityInsuranceAmount": null,
    "orderMinimum_currency": "USD",
    "orderMinimum": null,
    "deliveryMinimum_currency": "USD",
    "deliveryMinimum": null,
    "identities": [
      1,
      2
    ],
    "deliveryMethods": [],
    "regionalAvailability": [],
    "distributors": [],
    "productionPractices": []
  }
},
{
  "model": "providers.providerproduct",
  "pk": 1,
  "fields": {
    "name": "Bruce's Honey Roasted Hazelnuts",
    "category": 16,
    "image": "",
    "provider": 1,
    "capacityValue": null,
    "capacityMeasurement": null,
    "description": "",
    "notes": "",
    "productLiabilityInsurance": "Unknown",
    "productLiabilityInsuranceAmount_currency": "USD",
    "productLiabilityInsuranceAmount": null,
    "orderMinimum_currency": "USD",
    "orderMinimum": null,
    "deliveryMinimum_currency": "USD",
    "deliveryMinimum": null,
    "deliveryMethods": [
      2
    ],
    "regionalAvailability": [
      1,
      2,
      3,
      4,
      5,
      6,
      7,
      8,
      9,
      10
    ],
    "distributors": [],
    "productionPractices": [
      4
    ]
  }
},
{
  "model": "providers.providerproduct",
  "pk": 2,
  "fields": {
    "name": "Beyonce's Black Beans",
    "category": 31,
    "image": "product_images/tamagotchi_.jpg",
    "provider": 2,
    "capacityValue": null,
    "capacityMeasurement": null,
    "description": "",
    "notes": "",
    "productLiabilityInsurance": "Unknown",
    "productLiabilityInsuranceAmount_currency": "USD",
    "productLiabilityInsuranceAmount": null,
    "orderMinimum_currency": "USD",
    "orderMinimum": null,
    "deliveryMinimum_currency": "USD",
    "deliveryMinimum": null,
    "deliveryMethods": [],
    "regionalAvailability": [],
    "distributors": [],
    "productionPractices": []
  }
}
]
